ID:0,NAME:hoge,TITLE:%E3%83%86%E3%82%B9%E3%83%88,TEXT:hoge,PASSWORD:hoge,DATE:Mon May 22 11:21:29 JST 2017,ICON:blank
ID:1,NAME:hoge,TITLE:%E3%83%86%E3%82%B9%E3%83%88%E3%81%9D%E3%81%AE2,TEXT:hoge,PASSWORD:hoge,DATE:Mon May 22 12:59:57 JST 2017,ICON:blank
ID:2,NAME:null,TITLE:null,TEXT:null,PASSWORD:null,DATE:Mon May 22 13:00:06 JST 2017,ICON:blank
ID:3,NAME:null,TITLE:null,TEXT:null,PASSWORD:null,DATE:Mon May 22 13:00:09 JST 2017,ICON:blank
ID:4,NAME:null,TITLE:null,TEXT:null,PASSWORD:null,DATE:Mon May 22 13:00:49 JST 2017,ICON:blank
ID:5,NAME:null,TITLE:null,TEXT:null,PASSWORD:null,DATE:Mon May 22 13:00:51 JST 2017,ICON:blank
ID:6,NAME:null,TITLE:null,TEXT:null,PASSWORD:null,DATE:Mon May 22 13:00:54 JST 2017,ICON:blank
ID:7,NAME:null,TITLE:null,TEXT:null,PASSWORD:null,DATE:Mon May 22 13:00:58 JST 2017,ICON:blank
ID:8,NAME:null,TITLE:null,TEXT:null,PASSWORD:null,DATE:Mon May 22 13:01:01 JST 2017,ICON:blank
ID:9,NAME:null,TITLE:null,TEXT:null,PASSWORD:null,DATE:Mon May 22 13:01:44 JST 2017,ICON:blank
ID:10,NAME:null,TITLE:null,TEXT:null,PASSWORD:null,DATE:Mon May 22 13:01:46 JST 2017,ICON:blank
ID:11,NAME:null,TITLE:null,TEXT:null,PASSWORD:null,DATE:Mon May 22 13:03:21 JST 2017,ICON:blank
ID:12,NAME:null,TITLE:null,TEXT:null,PASSWORD:null,DATE:Mon May 22 13:04:52 JST 2017,ICON:blank
ID:13,NAME:null,TITLE:null,TEXT:null,PASSWORD:null,DATE:Mon May 22 13:05:53 JST 2017,ICON:blank